id,first_name,last_name,phone,ssn,address,birthdate,email,date_joined
91f5210d-e461-4b74-b94e-4de6ecb1c5e4,James,Rodriguez,396.337.7520,669-60-6803,"007 Brady Forges Apt. 786, North Raymond, WA 08282",1955-01-12,james.rodriguez@yahoo.com,2023-02-23
b2ff687f-87c4-4227-857e-933e959b9dc3,David,Johnson,895-586-2194,075-70-8884,"26221 Elizabeth Plaza Suite 211, Lorichester, OR 45485",1955-06-14,david.johnson@gmail.com,2024-09-04
392da536-be56-4218-90d5-9088f92370b3,Richard,Oliver,001-699-555-4108,156-28-0240,"26165 Travis Coves, Port Sarah, OR 04329",1946-10-24,richard.oliver@gmail.com,2023-02-16
2a921a0a-882e-40f3-b3cf-e061b8422a0c,Aaron,Bradshaw,(521)540-0493,596-42-8551,"687 Contreras Fields, New Kimberlyburgh, MN 83444",2006-05-14,aaron.bradshaw@hotmail.com,2023-03-14
203b30a6-9e86-4707-9151-ee6039cd49ff,Jamie,Mcmahon,725.717.2216x139,632-42-9182,"6745 Terri Coves, West Patricia, VT 74575",1975-10-31,jamie.mcmahon@gmail.com,2023-06-29
57f82fa6-591d-4e13-b2a3-dda36d66ddb5,Bruce,Solomon,+1-571-659-4661x99853,405-93-2530,"54870 Christopher Lakes, Martinshire, FL 43298",1996-10-16,bruce.solomon@yahoo.com,2023-01-24
dda969f9-44af-461d-b846-4bbb1fe9b9da,Susan,Patton,899.575.6911x24147,449-55-2998,"4825 Caldwell Views Apt. 422, Clarkbury, UT 10211",2000-10-16,susan.patton@hotmail.com,2024-02-14
65d3c479-1a62-4e52-a7b2-a640490da436,Kelly,Melton,001-376-457-7518,808-64-7950,"29191 Durham Shores Apt. 742, Juantown, NE 38616",1981-07-30,kelly.melton@gmail.com,2024-02-22
dc9b27cb-65dc-43e4-96fc-ee15ff304f94,Pamela,Hunter,001-687-713-7241x46645,384-87-8571,"8687 Ethan Mountains, Oscarfurt, MH 74230",1983-01-08,pamela.hunter@hotmail.com,2024-04-17
f9596211-01b3-46cd-b35f-cbcf21306711,Zachary,Warner,434-317-5960,300-02-1828,"72100 Jeffery Mission Suite 081, Stevenberg, MP 23663",1961-04-21,zachary.warner@hotmail.com,2025-02-01
bab7548d-b3a1-4cc5-98aa-ca1f5ed678f7,Valerie,Kelly,001-558-756-1511,844-61-2962,"2978 White Lodge Suite 499, North Jacobville, VA 02196",1987-02-04,valerie.kelly@hotmail.com,2024-06-21
44a5ec53-7737-45b0-a66a-4e109be32a5a,Brianna,Oconnor,297-422-7636x44524,047-79-4569,"256 Martinez Island, Port Craighaven, VA 02985",2001-11-07,brianna.oconnor@gmail.com,2024-09-02
87f579fe-630e-429d-9430-85f21567b89e,April,Brown,307-465-3639,846-69-4453,"67262 Heather Unions Suite 187, New Bethfurt, NE 44951",1946-05-16,april.brown@yahoo.com,2023-12-25
56917400-e0f7-40b4-8e47-9d06079a228b,Scott,Morton,(591)727-2227,206-59-7248,"06556 Nicholas Ville, Briannachester, LA 08237",1985-03-23,scott.morton@hotmail.com,2023-02-24
cb32aeb1-b0e5-4519-9c4a-fb3e3c15a2c8,Amber,Berry,(423)327-1169x591,743-58-4112,"930 Leslie Roads Suite 023, Port Kim, HI 53674",1997-03-07,amber.berry@hotmail.com,2024-07-02
80bcc03e-748c-434f-8527-bf39b3fc1cee,Alex,Blackburn,354.776.0190,468-86-0686,"734 Chris Mountain, Port Anthonyville, MS 56113",2004-12-07,alex.blackburn@gmail.com,2024-06-23
a0e78bb2-5b39-4501-a987-a901a6552398,William,Murphy,001-218-321-2810x00718,392-06-5794,"69986 Simpson Run Apt. 484, Johnside, MA 48466",1997-10-02,william.murphy@hotmail.com,2023-04-20
d10404e9-28cf-4e4e-aa9e-c77b46acf771,Victor,Gardner,001-438-964-3518,346-63-8429,"785 Marc Pass, West Andrewview, MS 85941",1965-10-16,victor.gardner@hotmail.com,2025-03-26
00d3fbd2-7682-4e41-96fa-864453d24b1d,Christopher,Holland,661.386.4386x3316,557-21-3394,"842 Wise Valley, Port Heather, AL 45978",1994-10-21,christopher.holland@hotmail.com,2023-11-16
db335e1d-9c1b-4946-8e61-0440223e8e19,Melissa,Hill,001-633-999-7449x84899,150-48-3294,"75783 John Crossing Suite 492, Mitchellport, VI 58024",1934-10-11,melissa.hill@hotmail.com,2024-09-27
cabd27a2-26de-4b76-9da9-72b6b6bcdf8a,Howard,Bautista,+1-552-464-7069x6759,280-63-9051,"67161 Evans Avenue Apt. 960, Lake Ashley, VT 54628",1971-04-10,howard.bautista@gmail.com,2025-02-27
2fa9c96c-76c9-4453-9709-d99de66b4ff0,Robert,Faulkner,515.272.9549,843-41-7633,"138 Desiree Gardens, Leonardville, AK 13929",1952-03-04,robert.faulkner@gmail.com,2024-05-18
9a0d79c1-e84d-4ab6-a747-779983423c4f,Miguel,Smith,+1-908-262-5118x19120,570-18-2708,"04685 Tina Lodge Apt. 755, West Josephville, LA 79834",1954-07-10,miguel.smith@yahoo.com,2025-04-16
640009f7-b1b7-4030-84a7-96f0e8ea2fbe,Stacy,Copeland,001-762-774-0115x3893,862-53-5778,"173 Kaufman Walks, New Jonathanton, MP 23575",1937-10-14,stacy.copeland@yahoo.com,2023-07-11
c9ba7bbf-cefc-460f-9c7a-dc055fa62204,Lisa,Obrien,(273)956-6958x7689,158-85-4858,"2393 Patrick Walk Suite 285, Jenniferport, WY 18473",2000-12-20,lisa.obrien@gmail.com,2024-02-26
e40ac111-6f43-4806-93c1-be54c82b91ca,Jessica,Henson,888-925-2071,679-73-0724,"4919 Wendy Wall Apt. 937, New Kellyton, WV 86752",1956-01-16,jessica.henson@yahoo.com,2024-04-15
c96addcb-caca-4121-a72d-da7ae228d5a9,Antonio,Stephenson,527-675-0047x58305,315-35-0213,"933 Glover Pike Apt. 961, South Jonathan, AK 20948",2006-04-03,antonio.stephenson@hotmail.com,2024-12-15
c60a4e1c-c3db-4dae-87d0-854d5970cdd6,Shannon,Andrews,473-631-7055,609-55-5219,"618 Sutton Oval, East Gloria, CT 18908",1979-04-02,shannon.andrews@hotmail.com,2023-01-20
d53f5054-a6b9-4f6d-98ad-c36ec038eca9,Jaime,Parks,001-754-653-7805,106-26-8110,"9052 Kelli Streets, North Julie, UT 46460",1990-08-23,jaime.parks@gmail.com,2023-07-02
c0e1e165-4f60-4468-9fb6-ca80bcd00fd8,Jimmy,Freeman,953-826-0753x447,392-10-3319,"5867 Sloan Parkways Apt. 904, Kristinberg, AR 57188",1938-01-22,jimmy.freeman@hotmail.com,2024-11-08
9a70cec1-7642-496e-b8fb-752e3a534c0c,Justin,Crawford,607.317.5576x2110,227-53-5996,"4221 Arthur Lane Suite 547, Angelastad, MT 21388",2000-03-19,justin.crawford@yahoo.com,2025-02-14
a9e9d057-f058-4979-bfae-13efeb68b187,Timothy,Aguilar,001-470-847-4512,514-56-4886,"27293 Clark Route, Mendezport, OK 70814",2002-05-22,timothy.aguilar@yahoo.com,2024-06-01
5a371bd6-bba3-47b3-8ca8-134a97d21356,John,Phillips,471-803-5324x102,225-41-8840,"87578 Shane Plains, Richardhaven, WV 84896",1980-10-05,john.phillips@gmail.com,2024-06-02
5616bc5f-f50b-4474-983c-a29db2b9959a,Sabrina,Booker,001-975-982-1728x18323,354-67-5695,"68026 Cortez Garden, North Bonnie, NM 81468",1953-05-10,sabrina.booker@hotmail.com,2024-10-07
9e0f9b5b-09d2-41b9-b6cc-2f7296e7b3ab,Michael,Sanford,807-709-0314x253,257-35-2789,"593 Hodges Island Suite 231, Conniestad, MI 12289",1960-07-15,michael.sanford@yahoo.com,2023-04-02
475fa3c8-46ee-4131-8a59-8b3f9e86c39d,Thomas,Coleman,+1-428-675-7235x6728,306-62-2636,"66523 Elliott Village Apt. 750, New Thomashaven, MD 93983",1946-07-17,thomas.coleman@hotmail.com,2024-01-14
c6e00117-94c9-4f1f-9858-36ce5ffce46a,Heather,Burch,(793)320-3148x6861,054-90-9088,"7272 Sims Court Apt. 200, West Lisa, CT 48005",1942-01-31,heather.burch@yahoo.com,2023-03-12
acb9fcce-299a-42d6-8782-1f53ece349d5,Debbie,Roberson,821.432.1900x769,171-77-1596,"33523 Galvan Islands, Brettburgh, ID 41746",1971-10-27,debbie.roberson@gmail.com,2023-01-17
a6d33407-d300-44f9-98c2-08f816e3470c,Brian,Jones,210.942.3521x2611,849-76-8706,"61025 Oconnell Cliff, East Meganville, VA 09691",1961-12-07,brian.jones@gmail.com,2024-10-31
87809470-82f7-4903-982c-e4d657ab3341,Gabriela,Roberts,434.551.4844x2964,722-86-0251,"7954 Rebecca Ferry Apt. 616, East Latoyaport, AR 05533",2001-07-01,gabriela.roberts@hotmail.com,2023-05-10
2e93b084-badd-498d-9e5c-06fbd5cabf27,Curtis,Perez,(847)412-8032x7715,537-34-9529,"7757 Kevin Point, Daughertyburgh, AS 79941",1954-06-28,curtis.perez@yahoo.com,2024-01-23
f12699c4-2f46-493c-bd36-0c6f24e1840d,Ethan,Stewart,+1-726-507-3062x574,220-58-7273,"USNV Huynh, FPO AP 84470",1987-02-18,ethan.stewart@gmail.com,2023-12-06
60f00796-ef2d-4643-a4c7-c67b97eccbb5,Ronnie,Green,001-664-819-1485x3834,099-74-5659,"2999 Barbara Mountain, Meghanburgh, UT 84541",1941-07-14,ronnie.green@yahoo.com,2024-11-30
b6c6e077-0d57-436b-968c-7fa84e4b516d,Tim,Wong,504.614.7372x992,370-78-9200,"11352 Brown Lights, New Raymondport, NJ 39967",1983-02-10,tim.wong@hotmail.com,2025-03-26
ca57d2e7-22f9-40cc-99e5-0fa075514276,Emma,Duncan,848-930-2673x3901,516-39-9624,"65769 Amy Harbors Apt. 868, Lake Johnville, IN 09504",1938-05-13,emma.duncan@yahoo.com,2024-10-04
c389e2ae-a7cd-4d8c-9966-714416391407,Larry,Stokes,836-210-2401,043-83-2112,"PSC 9108, Box 0366, APO AP 49350",1978-06-15,larry.stokes@gmail.com,2024-02-29
dad4f5f9-dfa8-4399-8c70-c14b17e72153,Adriana,Holmes,237.722.6545x1796,658-20-6997,"64725 Rebecca River, Bernardview, DE 13991",1964-02-03,adriana.holmes@yahoo.com,2023-12-03
91c4d61c-278a-4d9c-917c-0f53ef3c3bed,Daniel,Evans,480-876-9050x20895,290-23-7265,"0395 John Summit, South Phillipchester, VI 35267",1937-01-12,daniel.evans@hotmail.com,2025-04-14
da28b7c7-4ee5-4687-8b4a-ac11fa11a972,Carrie,Hartman,335.542.5817,698-88-5896,"4752 Hobbs Loaf Suite 957, North Julieside, ME 27207",1977-07-29,carrie.hartman@yahoo.com,2024-12-05
349cf28c-9282-4ff5-aa5d-0140fed31b79,Danny,Lopez,(660)822-8532x28953,530-62-6751,"10769 Tracy Light, Ashleyside, AL 07881",1965-05-16,danny.lopez@gmail.com,2023-04-14
b4dc4b4f-aee9-49d2-ada6-529da096da6f,Kevin,Watson,001-562-241-1179x581,611-83-6513,"76733 Linda Park Suite 295, Port Michael, IA 63236",1942-07-25,kevin.watson@hotmail.com,2024-09-27
34199d09-7101-4034-94f5-a1b7d68a495a,Katie,Malone,001-221-529-9511x38311,785-08-3387,"29107 Ronald Valleys, Armstrongburgh, AR 24214",1980-10-09,katie.malone@hotmail.com,2024-12-24
d2671122-c975-41b8-9910-273a2aa67bc4,Sarah,Flores,249.505.0489x0935,079-12-8447,"582 Ronald Key Suite 499, Jessicaport, WI 90038",1988-09-03,sarah.flores@hotmail.com,2024-05-31
a6575827-ffe1-44a5-995e-0d4df9160c44,Jennifer,Walsh,+1-276-700-3785x983,437-25-3433,"4292 Shaffer Points Apt. 943, Port Angela, MP 98685",1978-10-31,jennifer.walsh@yahoo.com,2024-10-27
4ef988f5-319f-48bc-bdeb-45c9cdbb4fae,Cassandra,Lee,(908)381-3665x274,315-17-9454,"160 Kevin Well Apt. 895, West John, MH 75551",1973-04-02,cassandra.lee@yahoo.com,2023-05-22
698f46a2-ad42-4bb3-b468-912e8da1a19d,Kimberly,Owens,254.705.0943,213-02-4974,"6282 Derek Village, Bonniefort, OR 13491",2005-06-13,kimberly.owens@gmail.com,2023-03-22
ddc70180-bded-4e8f-9431-2574d0b893a9,Patricia,Taylor,821-825-5877,635-96-1639,"3364 Brown Fall Apt. 170, Frankview, GA 46093",1997-06-20,patricia.taylor@yahoo.com,2024-07-01
d4cda7d2-5ec1-4b51-8e83-b1ad3022ef28,Kirsten,Rogers,465-861-6903,724-73-4144,"883 Danny Brooks Suite 079, Lake Deannahaven, CA 20017",1944-11-23,kirsten.rogers@hotmail.com,2023-04-18
c6ae2693-7b11-44a0-9a87-1d0165c1ba42,Mary,Long,602-948-0191,710-97-4877,"67874 Victoria Branch Suite 516, South Garyport, WI 75393",1996-06-19,mary.long@gmail.com,2023-08-18
bf85d547-0069-4ecd-a1d6-cc90d1f73acf,Sergio,Hernandez,001-830-896-2095x518,005-51-8856,"4989 Brett Hills, West Lindsey, OR 98585",1986-10-04,sergio.hernandez@gmail.com,2024-04-28
ffe97aa4-526a-4709-a838-f776dec30b37,Austin,Vaughn,395-652-5790,533-28-1390,"04992 Erika Prairie Apt. 671, East Joseph, OK 01837",1945-11-15,austin.vaughn@hotmail.com,2024-04-02
d4c10984-24c0-48b9-abe2-b826cd260455,Colton,Austin,531.658.3372x0302,544-68-6905,"USS Lopez, FPO AP 08147",1954-03-10,colton.austin@gmail.com,2025-04-03
b57de9cc-e987-49d5-af88-c07a4df31333,Kathryn,Kirk,247.630.4503x66448,669-74-9261,"213 Brown Fields Suite 609, South Jennifertown, PR 98874",1974-08-14,kathryn.kirk@hotmail.com,2023-07-25
758abc09-17ec-49c1-a216-c22a0eb4dd7d,Angela,Carr,+1-977-764-6748x45828,050-45-6001,"606 Jennifer Fort, Lake Christopherview, VT 39422",1957-09-29,angela.carr@gmail.com,2024-08-24
8eca40bf-a7c3-40e9-ad74-59d2a2730ac0,Megan,Gutierrez,001-218-242-2307,576-30-3778,"PSC 3029, Box 5928, APO AA 74111",1966-10-19,megan.gutierrez@hotmail.com,2024-11-09
2aa6261f-6560-4b9b-bbc9-ec45f71959f0,Andrew,Garrison,413-232-1194x7596,868-89-1686,"3512 Samantha Lock Suite 762, Mcdanielfurt, UT 99940",1934-11-22,andrew.garrison@yahoo.com,2023-08-03
87624d3f-1609-4e9b-947c-174a30fc8501,Randy,Palmer,001-237-646-2156,854-43-6468,"459 Jeanne Via Suite 161, New Kyleland, IL 19458",1956-07-31,randy.palmer@hotmail.com,2024-09-23
6cbea1b1-c750-458f-9de7-2a90d5557638,Alicia,West,862.725.5462,283-45-4769,"49459 Hunter Flats Suite 999, Margaretfurt, IL 27730",2006-10-26,alicia.west@yahoo.com,2024-08-22
e984824f-18fd-4b0c-aa64-533aff4332bc,Tiffany,Lester,(535)882-2080x9740,116-81-2652,"08449 Kimberly Island Suite 193, Johnsonfort, PW 12581",1935-03-10,tiffany.lester@yahoo.com,2023-01-04
82474575-a8cc-49e4-aec7-d87f7c36b29b,Rebecca,Casey,808-592-3209,293-68-1974,"USNS Elliott, FPO AP 30131",1984-10-08,rebecca.casey@gmail.com,2023-07-28
24c154cc-3e0e-4a32-b982-062a693f9484,Christine,Hamilton,6482170040,468-72-4790,"0174 David Garden Apt. 248, North Andrew, OH 21527",1961-04-27,christine.hamilton@gmail.com,2024-04-24
ffb08b1f-5c68-409b-8f3c-01959e504869,Leslie,Mcbride,(774)517-4564,608-14-4924,"574 John Crescent Apt. 467, North Leah, CA 56693",2006-08-13,leslie.mcbride@gmail.com,2024-01-04
53c1f8c0-c024-45fb-973a-0b9fe25a3bf4,Tyler,Murray,683.596.7893x109,689-32-5330,"5838 Macias Port, Freyton, IA 72384",1936-09-18,tyler.murray@gmail.com,2025-03-04
0432a8f7-d6af-4a45-88d9-3b224708d0c9,Teresa,Patterson,(679)915-7547x82974,541-80-8707,"448 Guzman Shoals, Lake Robertshire, PA 19115",1944-09-22,teresa.patterson@yahoo.com,2023-04-06
239a8ee0-c96c-4bb0-8da8-87df3f86a86d,Nicholas,Fisher,684-608-4188x3193,458-94-2524,"162 Brandon Ranch Suite 824, Port Katherine, SD 33985",1954-03-26,nicholas.fisher@hotmail.com,2023-10-01
4202d251-e72f-4633-9e94-68afdc91e91d,Brittany,Fuller,(580)369-6479x65632,303-08-3516,"3908 Cabrera Dam Suite 453, Rebeccachester, NV 59870",1982-09-22,brittany.fuller@hotmail.com,2023-03-19
7c02468f-a3c7-4f5d-bda9-9be823bd5e73,Michelle,Adams,+1-967-814-1332x37960,224-04-7924,"3678 Donald Squares Apt. 980, South Nathaniel, TX 74642",1934-11-11,michelle.adams@gmail.com,2023-07-20
449e63c1-7b5e-45ad-b311-c75113303dd8,Karen,Bryant,3449413914,795-08-3010,"PSC 3947, Box 3978, APO AE 62235",1999-11-30,karen.bryant@yahoo.com,2023-04-08
d2dda0fc-65c5-4bae-9ee6-4ea4941188c0,Jean,White,001-437-332-3746x917,883-89-6812,"5040 Mccarthy Corner, East Debra, AS 87004",1981-01-25,jean.white@gmail.com,2023-05-13
c8adf601-0048-4370-95dc-e39110050336,Amanda,Gill,892.441.0085x51643,269-99-7635,"3668 Samantha Mountain, Lake Davidside, NY 43435",2003-05-20,amanda.gill@hotmail.com,2023-07-10
2140470a-7472-47f3-882d-010b2cc8c21c,Todd,Miller,310.661.8582x8914,080-75-9583,"9911 Michael Spurs, Port Tracy, MS 08299",1984-01-21,todd.miller@yahoo.com,2025-02-07
a24ddba3-873a-4bf1-9cc6-6cc25b7ac0a1,Janice,Rodgers,001-656-534-0808x09844,411-86-6134,"6281 Little Ports Suite 501, Henrystad, LA 05520",1944-08-03,janice.rodgers@hotmail.com,2024-01-03
b604bb6b-62a3-4728-bced-786e5cda58e6,Jose,Singleton,001-901-595-8787x359,011-29-1002,"782 Daniel Estate Suite 270, East Nancyshire, KS 69765",1966-03-18,jose.singleton@hotmail.com,2024-05-06
86ddadb3-7cd7-4107-b0ae-d8f7aad94b7e,Nathaniel,Shepard,(430)211-5097x1209,329-66-9959,"771 Joseph Square, Robertsonshire, UT 86419",1966-02-09,nathaniel.shepard@gmail.com,2023-08-14
0b9e6a00-1e62-47fb-98ac-db11f28eae91,Eric,Mosley,825-877-9912,315-36-1377,"2465 Jenkins Viaduct, North Teresaborough, FM 59651",1960-10-03,eric.mosley@yahoo.com,2023-04-02
bba16928-6dc5-4f37-b269-97be282bea44,Raymond,Hurst,3492391731,856-41-9630,"6792 Kyle Crescent Apt. 549, Debbiechester, MN 49363",1982-03-11,raymond.hurst@hotmail.com,2023-09-06
06d3d3c2-8252-4115-b5d1-b323b5f660fe,Amy,Gallegos,268.589.4616,552-23-1416,"0744 Snyder Plains Apt. 431, Lake Aaron, HI 99413",1996-01-10,amy.gallegos@yahoo.com,2024-07-14
dd3d3512-6f7c-4b46-8aff-ce011d05dfdd,Carolyn,Chapman,+1-562-685-0392,384-07-7584,"536 Jason Forges, Lake Michaelberg, AS 47708",1993-01-25,carolyn.chapman@yahoo.com,2023-07-22
103bcd70-ce5c-4be3-a420-cfa52def4971,Bryan,Nichols,758-280-5731x73259,422-54-8619,"868 Heather Villages, Rhondaberg, FL 32689",1970-05-23,bryan.nichols@hotmail.com,2023-12-26
b90516a8-1780-412d-bb4c-ed58597bf34e,Elizabeth,Hall,+1-391-798-4149x355,447-81-1373,"4210 Williams Stravenue, North Joseph, WI 96334",1954-09-16,elizabeth.hall@gmail.com,2025-04-12
61f27500-a977-463f-8f7b-061434ffe8ed,Kenneth,Chandler,4969257381,495-11-3259,"PSC 5759, Box 3424, APO AE 09061",1948-07-19,kenneth.chandler@gmail.com,2024-07-25
ec1e5cef-05e4-4b8a-abc6-ba91eae9abff,Heidi,Vasquez,(265)331-9083,015-12-2962,"990 Mendoza Brook Suite 760, Brettfort, AK 75724",1952-10-18,heidi.vasquez@gmail.com,2023-03-11
811ddd50-afc9-4848-89fb-09933e49faf5,Jason,Le,660.721.3033x26836,335-16-0901,"3727 William Lodge, Baileytown, TX 78831",1945-06-18,jason.le@hotmail.com,2025-03-18
309562af-7eba-4955-bce4-295b867a7608,Stephen,Simmons,869.506.2767,102-45-6050,"4203 Heather Extension Suite 586, Bowmanside, GU 44868",1955-07-31,stephen.simmons@hotmail.com,2025-05-06
48976aab-56f7-49a2-b1f3-70caa7ea83fe,Laura,Davis,872.585.0050,688-28-0308,"643 Beverly Ramp, Dawnland, TN 40485",1952-03-02,laura.davis@yahoo.com,2025-04-09
4edc55dc-c5c9-49d2-8324-ba3085e633d0,Matthew,Howell,(337)424-5070,079-25-5251,"8515 Davis View, New Michelle, NE 10506",2002-06-05,matthew.howell@gmail.com,2024-12-20
14c96405-f433-45cf-8016-09e743f30ecc,Charles,Robinson,+1-496-942-4252x56872,687-59-3542,"0847 Laurie Unions Suite 089, Crawfordside, AK 15249",1934-09-17,charles.robinson@gmail.com,2023-06-11
78a2855a-e2de-45dc-b2cc-533973466070,Rachel,Rich,958.766.2548x40506,521-95-7433,"218 Katrina Islands, Port Natalie, WI 37986",1951-02-19,rachel.rich@yahoo.com,2023-01-13
40f2c085-43d9-4f8f-ac59-eea2266a7f3a,Brenda,Watts,+1-369-840-3432x64978,460-96-3599,"88328 Benjamin Hollow, Danieltown, MI 87686",1987-04-05,brenda.watts@yahoo.com,2023-09-17
5983fc44-8221-4972-b582-d80192e0a215,Courtney,Tucker,+1-746-703-6340x815,034-66-6662,"203 Brad Ranch, North Moniqueview, DE 56367",1966-04-03,courtney.tucker@gmail.com,2024-08-06
